{"stats":{"minecraft:killed_by":{"minecraft:warden":1,"minecraft:player":2},"minecraft:custom":{"minecraft:jump":17,"minecraft:time_since_rest":1887,"minecraft:damage_dealt":68,"minecraft:damage_taken":850,"minecraft:leave_game":2,"minecraft:play_time":9056,"minecraft:walk_one_cm":2409,"minecraft:time_since_death":156,"minecraft:deaths":4,"minecraft:total_world_time":9056,"minecraft:fly_one_cm":2760},"minecraft:picked_up":{"minecraft:pink_petals":3,"minecraft:wheat_seeds":1}},"DataVersion":3955}