{"stats":{"minecraft:picked_up":{"minecraft:pink_petals":3,"minecraft:wheat_seeds":1},"minecraft:killed_by":{"minecraft:warden":1,"minecraft:player":2},"minecraft:custom":{"minecraft:jump":18,"minecraft:time_since_rest":3310,"minecraft:damage_dealt":68,"minecraft:damage_taken":860,"minecraft:leave_game":4,"minecraft:play_time":10479,"minecraft:walk_one_cm":2529,"minecraft:time_since_death":1579,"minecraft:deaths":4,"minecraft:total_world_time":10479,"minecraft:fly_one_cm":2990}},"DataVersion":3955}