{"stats":{"minecraft:killed_by":{"minecraft:warden":3},"minecraft:used":{"minecraft:cherry_wood":1,"minecraft:dirt":3,"minecraft:grass_block":11,"minecraft:spawner":4,"minecraft:stone":2,"minecraft:cherry_leaves":8,"minecraft:golden_pickaxe":32,"minecraft:golden_apple":1,"minecraft:pink_petals":4},"minecraft:custom":{"minecraft:open_chest":4,"minecraft:time_since_rest":162026,"minecraft:damage_taken":1293,"minecraft:crouch_one_cm":3532,"minecraft:sprint_one_cm":329281,"minecraft:play_time":175060,"minecraft:walk_one_cm":79635,"minecraft:damage_absorbed":40,"minecraft:deaths":6,"minecraft:sneak_time":844,"minecraft:walk_under_water_one_cm":695,"minecraft:mob_kills":1,"minecraft:drop":6,"minecraft:jump":1073,"minecraft:damage_dealt":744,"minecraft:leave_game":7,"minecraft:walk_on_water_one_cm":289,"minecraft:time_since_death":161993,"minecraft:total_world_time":175060,"minecraft:swim_one_cm":797,"minecraft:fly_one_cm":242035,"minecraft:player_kills":2},"minecraft:broken":{"minecraft:golden_pickaxe":1},"minecraft:dropped":{"minecraft:wheat_seeds":1,"minecraft:allium":1,"minecraft:pink_petals":3,"minecraft:grass_block":1},"minecraft:killed":{"minecraft:zombie":1},"minecraft:picked_up":{"minecraft:pink_petals":4,"minecraft:allium":1,"minecraft:wheat_seeds":3,"minecraft:grass_block":1,"minecraft:netherrack":25},"minecraft:mined":{"minecraft:pink_petals":1,"minecraft:short_grass":3,"minecraft:allium":1,"minecraft:tall_grass":3,"minecraft:netherrack":32}},"DataVersion":3955}