{"stats":{"minecraft:killed":{"minecraft:zombie":1},"minecraft:picked_up":{"minecraft:pink_petals":4,"minecraft:allium":1,"minecraft:wheat_seeds":3,"minecraft:netherrack":25},"minecraft:killed_by":{"minecraft:warden":3},"minecraft:mined":{"minecraft:pink_petals":1,"minecraft:short_grass":3,"minecraft:allium":1,"minecraft:tall_grass":3,"minecraft:netherrack":32},"minecraft:custom":{"minecraft:open_chest":4,"minecraft:time_since_rest":37629,"minecraft:damage_taken":1293,"minecraft:crouch_one_cm":2252,"minecraft:sprint_one_cm":255267,"minecraft:play_time":50663,"minecraft:walk_one_cm":65172,"minecraft:damage_absorbed":40,"minecraft:deaths":6,"minecraft:sneak_time":615,"minecraft:walk_under_water_one_cm":695,"minecraft:mob_kills":1,"minecraft:drop":5,"minecraft:jump":435,"minecraft:damage_dealt":744,"minecraft:leave_game":1,"minecraft:walk_on_water_one_cm":289,"minecraft:time_since_death":37596,"minecraft:total_world_time":50663,"minecraft:swim_one_cm":797,"minecraft:fly_one_cm":91973,"minecraft:player_kills":2},"minecraft:broken":{"minecraft:golden_pickaxe":1},"minecraft:dropped":{"minecraft:wheat_seeds":1,"minecraft:allium":1,"minecraft:pink_petals":3},"minecraft:used":{"minecraft:cherry_wood":1,"minecraft:grass_block":3,"minecraft:cherry_leaves":8,"minecraft:pink_petals":4,"minecraft:golden_pickaxe":32,"minecraft:golden_apple":1}},"DataVersion":3955}