{"stats":{"minecraft:dropped":{"minecraft:wheat_seeds":1,"minecraft:allium":1,"minecraft:pink_petals":3,"minecraft:grass_block":1,"minecraft:magenta_shulker_box":2},"minecraft:killed_by":{"minecraft:warden":3},"minecraft:broken":{"minecraft:golden_pickaxe":1},"minecraft:killed":{"minecraft:zombie":1},"minecraft:mined":{"minecraft:pink_petals":1,"minecraft:short_grass":3,"minecraft:allium":1,"minecraft:tall_grass":3,"minecraft:netherrack":32},"minecraft:used":{"minecraft:cherry_wood":1,"minecraft:grass_block":12,"minecraft:spawner":4,"minecraft:stone":2,"minecraft:cherry_leaves":8,"minecraft:pink_petals":4,"minecraft:golden_apple":1,"minecraft:dirt":3,"minecraft:golden_pickaxe":32,"minecraft:magenta_shulker_box":1},"minecraft:custom":{"minecraft:time_since_rest":166023,"minecraft:sprint_one_cm":335907,"minecraft:damage_taken":1293,"minecraft:damage_absorbed":40,"minecraft:walk_one_cm":81189,"minecraft:mob_kills":1,"minecraft:drop":8,"minecraft:damage_dealt":744,"minecraft:swim_one_cm":797,"minecraft:fly_one_cm":251794,"minecraft:player_kills":2,"minecraft:open_chest":4,"minecraft:crouch_one_cm":3532,"minecraft:play_time":179057,"minecraft:open_shulker_box":1,"minecraft:deaths":6,"minecraft:sneak_time":844,"minecraft:walk_under_water_one_cm":695,"minecraft:jump":1123,"minecraft:leave_game":12,"minecraft:walk_on_water_one_cm":289,"minecraft:time_since_death":165990,"minecraft:total_world_time":179057},"minecraft:picked_up":{"minecraft:pink_petals":4,"minecraft:allium":1,"minecraft:magenta_shulker_box":3,"minecraft:grass_block":1,"minecraft:wheat_seeds":3,"minecraft:netherrack":25}},"DataVersion":3955}