{"stats":{"minecraft:killed":{"minecraft:zombie":1},"minecraft:picked_up":{"minecraft:pink_petals":4,"minecraft:allium":1,"minecraft:wheat_seeds":3,"minecraft:netherrack":25},"minecraft:killed_by":{"minecraft:warden":3},"minecraft:mined":{"minecraft:pink_petals":1,"minecraft:short_grass":3,"minecraft:allium":1,"minecraft:tall_grass":3,"minecraft:netherrack":32},"minecraft:custom":{"minecraft:open_chest":4,"minecraft:time_since_rest":19629,"minecraft:damage_taken":1293,"minecraft:crouch_one_cm":1521,"minecraft:sprint_one_cm":244476,"minecraft:play_time":32663,"minecraft:walk_one_cm":61143,"minecraft:damage_absorbed":40,"minecraft:deaths":6,"minecraft:sneak_time":418,"minecraft:walk_under_water_one_cm":695,"minecraft:mob_kills":1,"minecraft:drop":5,"minecraft:jump":335,"minecraft:damage_dealt":744,"minecraft:leave_game":1,"minecraft:walk_on_water_one_cm":289,"minecraft:time_since_death":19596,"minecraft:total_world_time":32663,"minecraft:swim_one_cm":797,"minecraft:fly_one_cm":68908,"minecraft:player_kills":2},"minecraft:broken":{"minecraft:golden_pickaxe":1},"minecraft:dropped":{"minecraft:wheat_seeds":1,"minecraft:allium":1,"minecraft:pink_petals":3},"minecraft:used":{"minecraft:grass_block":3,"minecraft:pink_petals":4,"minecraft:golden_pickaxe":32,"minecraft:golden_apple":1}},"DataVersion":3955}